Fact,Product,MAY20,JUN20,JUL20,AUG20,SEP20,OCT20,NOV20,DEC20,JAN21,FEB21,MAR21,APR21,MAY21,JUN21,JUL21,AUG21,SEP21,OCT21,NOV21,DEC21,JAN22,FEB22,MAR22,APR22,MAY22,JUN22,JUL22,AUG22,SEP22,OCT22,NOV22,DEC22,JAN23,FEB23,MAR23,APR23
Val Sales ('000),OVERALL CATEGORY WESTERN SALTY,"  2,303,495 ","  2,674,295 ","  3,241,871 ","  3,385,381 ","  3,635,943 ","  3,988,414 ","  4,123,135 ","  4,176,208 ","  4,300,847 ","  4,326,450 ","  4,584,630 ","  4,412,498 ","  3,846,022 ","  3,880,077 ","  4,119,179 ","  4,320,817 ","  4,387,984 ","  4,688,623 ","  4,830,386 ","  4,952,801 ","  5,031,530 ","  4,678,083 ","  5,132,351 ","  4,960,216 ","  5,202,709 ","  4,954,413 ","  5,097,327 ","  5,277,283 ","  5,296,800 ","  5,851,139 ","  5,596,212 ","  5,768,956 ","  5,718,223 ","  5,539,942 ","  5,945,046 ","  5,922,842 "
Val Sales ('000),HALDIRAM,"  214,884 ","  241,083 ","  298,445 ","  308,629 ","  336,025 ","  380,791 ","  403,402 ","  356,342 ","  365,610 ","  388,435 ","  415,930 ","  405,480 ","  337,161 ","  356,931 ","  371,455 ","  392,570 ","  406,087 ","  426,986 ","  479,973 ","  462,631 ","  468,617 ","  432,833 ","  470,742 ","  444,350 ","  444,642 ","  428,107 ","  446,562 ","  462,049 ","  468,142 ","  592,887 ","  529,524 ","  565,748 ","  510,341 ","  520,252 ","  567,714 ","  569,608 "
Val Sales ('000),I T C,"  457,430 ","  496,432 ","  586,692 ","  599,842 ","  632,753 ","  691,329 ","  729,732 ","  766,609 ","  797,013 ","  797,023 ","  826,482 ","  786,903 ","  706,423 ","  657,957 ","  683,900 ","  697,512 ","  710,885 ","  760,468 ","  751,704 ","  782,090 ","  810,818 ","  752,871 ","  828,243 ","  821,771 ","  889,149 ","  833,272 ","  861,995 ","  882,423 ","  874,119 ","  938,754 ","  926,902 ","  971,810 ","  958,547 ","  908,667 ","  963,049 ","  963,559 "
Val Sales ('000),BALAJI WAFERS P L,"  208,941 ","  310,432 ","  402,686 ","  451,661 ","  468,973 ","  521,641 ","  552,620 ","  600,825 ","  618,149 ","  599,207 ","  630,172 ","  583,497 ","  478,841 ","  532,050 ","  577,585 ","  621,880 ","  645,077 ","  700,502 ","  711,688 ","  730,881 ","  741,230 ","  691,678 ","  759,298 ","  744,475 ","  781,277 ","  739,368 ","  757,239 ","  826,610 ","  805,228 ","  862,545 ","  803,227 ","  842,153 ","  843,363 ","  818,299 ","  864,347 ","  862,312 "
Val Sales ('000),PARLE PRODS,"  58,434 ","  68,747 ","  83,530 ","  82,020 ","  89,390 ","  96,530 ","  96,191 ","  95,637 ","  98,209 ","  98,631 ","  99,086 ","  94,625 ","  79,565 ","  81,831 ","  84,910 ","  82,908 ","  75,196 ","  84,357 ","  81,918 ","  84,746 ","  88,779 ","  79,958 ","  83,818 ","  83,423 ","  90,459 ","  79,750 ","  73,893 ","  74,706 ","  77,225 ","  80,164 ","  86,680 ","  86,649 ","  83,098 ","  79,711 ","  84,019 ","  79,220 "
Val Sales ('000),PRATAAP SNACKS PVT LTD,"  190,448 ","  198,995 ","  230,049 ","  226,195 ","  262,643 ","  288,799 ","  285,386 ","  283,881 ","  304,749 ","  319,974 ","  344,481 ","  333,722 ","  271,712 ","  287,893 ","  305,071 ","  308,782 ","  329,792 ","  354,419 ","  367,391 ","  397,235 ","  397,422 ","  368,528 ","  405,895 ","  394,427 ","  406,538 ","  381,554 ","  391,651 ","  398,939 ","  410,938 ","  425,308 ","  431,319 ","  432,720 ","  426,811 ","  409,888 ","  438,126 ","  438,897 "
Val Sales ('000),PANJWANI FOOD PRODUCTS,"  17,086 ","  21,188 ","  21,723 ","  20,326 ","  22,967 ","  25,099 ","  24,920 ","  25,476 ","  27,049 ","  27,260 ","  29,173 ","  27,446 ","  24,673 ","  25,108 ","  25,800 ","  25,960 ","  27,167 ","  28,470 ","  27,415 ","  27,447 ","  26,683 ","  24,819 ","  28,235 ","  28,414 ","  28,956 ","  25,950 ","  26,274 ","  25,735 ","  26,333 ","  26,363 ","  27,895 ","  28,237 ","  32,253 ","  32,292 ","  34,932 ","  37,415 "
Val Sales ('000),D F M FOODS,"  112,394 ","  124,619 ","  149,636 ","  156,687 ","  164,245 ","  180,425 ","  181,896 ","  184,048 ","  193,344 ","  195,322 ","  204,548 ","  202,401 ","  186,603 ","  178,166 ","  187,111 ","  198,459 ","  205,833 ","  219,877 ","  234,178 ","  232,695 ","  243,232 ","  226,180 ","  246,336 ","  246,366 ","  260,019 ","  245,442 ","  257,046 ","  264,818 ","  263,750 ","  267,781 ","  273,147 ","  269,738 ","  269,216 ","  260,114 ","  273,713 ","  273,891 "
Val Sales ('000),GOPAL SNACKS PVT LTD,"  37,312 ","  43,563 ","  71,461 ","  92,795 ","  104,702 ","  115,038 ","  113,786 ","  122,168 ","  120,919 ","  118,620 ","  124,619 ","  113,306 ","  97,316 ","  104,564 ","  112,019 ","  116,599 ","  120,326 ","  123,936 ","  127,804 ","  138,271 ","  134,184 ","  124,209 ","  130,670 ","  117,171 ","  122,601 ","  124,211 ","  128,982 ","  131,126 ","  133,049 ","  149,568 ","  137,209 ","  142,319 ","  147,121 ","  140,431 ","  148,499 ","  146,879 "
Val Sales ('000),BIKAJI FOODS INTERNATIONAL,"  26,787 ","  40,490 ","  50,992 ","  43,270 ","  50,535 ","  52,249 ","  52,765 ","  51,345 ","  51,258 ","  47,191 ","  49,709 ","  49,658 ","  37,397 ","  41,622 ","  43,869 ","  44,183 ","  42,996 ","  46,728 ","  49,009 ","  47,312 ","  51,963 ","  50,925 ","  57,039 ","  55,839 ","  64,775 ","  63,796 ","  65,330 ","  69,016 ","  67,835 ","  79,937 ","  77,800 ","  77,828 ","  81,415 ","  77,348 ","  88,791 ","  82,598 "
Val Sales ('000),PEPSICO INDIA,"  845,110 ","  983,710 ","  1,181,684 ","  1,245,356 ","  1,318,673 ","  1,430,274 ","  1,437,385 ","  1,468,652 ","  1,495,782 ","  1,505,393 ","  1,615,621 ","  1,578,626 ","  1,421,007 ","  1,396,897 ","  1,522,136 ","  1,602,460 ","  1,585,176 ","  1,682,999 ","  1,704,722 ","  1,788,980 ","  1,800,165 ","  1,675,180 ","  1,849,193 ","  1,758,294 ","  1,844,490 ","  1,788,922 ","  1,837,909 ","  1,875,515 ","  1,910,587 ","  2,074,029 ","  2,028,683 ","  2,075,131 ","  2,074,284 ","  2,014,460 ","  2,180,840 ","  2,170,376 "
Dealers ('000) Avg,OVERALL CATEGORY WESTERN SALTY,"  2,149 ","  2,184 ","  2,235 ","  2,278 ","  2,341 ","  2,371 ","  2,398 ","  2,414 ","  2,443 ","  2,463 ","  2,477 ","  2,485 ","  2,454 ","  2,504 ","  2,523 ","  2,521 ","  2,544 ","  2,569 ","  2,571 ","  2,582 ","  2,597 ","  2,594 ","  2,616 ","  2,592 ","  2,598 ","  2,583 ","  2,571 ","  2,575 ","  2,587 ","  2,602 ","  2,617 ","  2,606 ","  2,624 ","  2,645 ","  2,663 ","  2,672 "
Dealers ('000) Avg,HALDIRAM,  584 ,  587 ,  607 ,  632 ,  669 ,  693 ,  713 ,  714 ,  711 ,  737 ,  739 ,  736 ,  705 ,  749 ,  762 ,  759 ,  766 ,  756 ,  758 ,  756 ,  758 ,  770 ,  779 ,  757 ,  740 ,  713 ,  731 ,  731 ,  746 ,  756 ,  768 ,  772 ,  778 ,  795 ,  800 ,  812 
Dealers ('000) Avg,I T C,"  1,079 ","  1,095 ","  1,118 ","  1,153 ","  1,201 ","  1,229 ","  1,265 ","  1,288 ","  1,330 ","  1,346 ","  1,340 ","  1,328 ","  1,293 ","  1,323 ","  1,316 ","  1,302 ","  1,323 ","  1,335 ","  1,327 ","  1,340 ","  1,365 ","  1,372 ","  1,391 ","  1,398 ","  1,404 ","  1,387 ","  1,387 ","  1,403 ","  1,399 ","  1,396 ","  1,420 ","  1,426 ","  1,424 ","  1,442 ","  1,447 ","  1,441 "
Dealers ('000) Avg,BALAJI WAFERS P L,  244 ,  252 ,  267 ,  284 ,  297 ,  313 ,  323 ,  330 ,  350 ,  350 ,  358 ,  353 ,  336 ,  359 ,  356 ,  368 ,  374 ,  383 ,  389 ,  400 ,  398 ,  402 ,  406 ,  393 ,  384 ,  389 ,  395 ,  405 ,  406 ,  404 ,  414 ,  420 ,  429 ,  439 ,  443 ,  448 
Dealers ('000) Avg,PARLE PRODS,  191 ,  191 ,  201 ,  215 ,  242 ,  245 ,  248 ,  246 ,  239 ,  233 ,  221 ,  223 ,  201 ,  219 ,  217 ,  215 ,  211 ,  210 ,  218 ,  209 ,  208 ,  222 ,  209 ,  198 ,  189 ,  184 ,  176 ,  184 ,  191 ,  187 ,  192 ,  197 ,  199 ,  200 ,  181 ,  178 
Dealers ('000) Avg,PRATAAP SNACKS PVT LTD,  610 ,  596 ,  586 ,  591 ,  639 ,  669 ,  676 ,  678 ,  701 ,  714 ,  717 ,  694 ,  641 ,  655 ,  661 ,  668 ,  689 ,  708 ,  728 ,  742 ,  745 ,  757 ,  770 ,  753 ,  750 ,  744 ,  750 ,  755 ,  761 ,  762 ,  773 ,  781 ,  785 ,  782 ,  787 ,  772 
Dealers ('000) Avg,PANJWANI FOOD PRODUCTS,  68 ,  69 ,  68 ,  65 ,  71 ,  72 ,  70 ,  70 ,  76 ,  78 ,  78 ,  77 ,  72 ,  73 ,  77 ,  76 ,  76 ,  75 ,  78 ,  76 ,  76 ,  74 ,  71 ,  72 ,  70 ,  68 ,  67 ,  70 ,  70 ,  70 ,  71 ,  72 ,  72 ,  79 ,  83 ,  86 
Dealers ('000) Avg,D F M FOODS,  403 ,  423 ,  434 ,  443 ,  465 ,  478 ,  481 ,  485 ,  482 ,  501 ,  504 ,  504 ,  491 ,  487 ,  497 ,  502 ,  497 ,  512 ,  529 ,  532 ,  535 ,  538 ,  537 ,  529 ,  540 ,  541 ,  540 ,  549 ,  550 ,  545 ,  547 ,  548 ,  545 ,  548 ,  548 ,  546 
Dealers ('000) Avg,GOPAL SNACKS PVT LTD,  109 ,  97 ,  106 ,  114 ,  118 ,  125 ,  137 ,  141 ,  143 ,  148 ,  150 ,  143 ,  142 ,  150 ,  147 ,  146 ,  148 ,  150 ,  150 ,  152 ,  149 ,  146 ,  144 ,  142 ,  143 ,  138 ,  140 ,  141 ,  142 ,  145 ,  146 ,  148 ,  155 ,  154 ,  150 ,  153 
Dealers ('000) Avg,BIKAJI FOODS INTERNATIONAL,  92 ,  99 ,  105 ,  106 ,  119 ,  123 ,  120 ,  122 ,  122 ,  120 ,  116 ,  118 ,  104 ,  112 ,  108 ,  105 ,  105 ,  109 ,  110 ,  114 ,  118 ,  118 ,  119 ,  123 ,  126 ,  130 ,  133 ,  135 ,  138 ,  142 ,  149 ,  146 ,  150 ,  150 ,  147 ,  147 
Dealers ('000) Avg,PEPSICO INDIA,"  1,080 ","  1,118 ","  1,150 ","  1,173 ","  1,219 ","  1,232 ","  1,252 ","  1,277 ","  1,280 ","  1,282 ","  1,294 ","  1,305 ","  1,288 ","  1,317 ","  1,321 ","  1,319 ","  1,324 ","  1,334 ","  1,346 ","  1,366 ","  1,370 ","  1,367 ","  1,354 ","  1,349 ","  1,344 ","  1,326 ","  1,323 ","  1,318 ","  1,325 ","  1,339 ","  1,343 ","  1,337 ","  1,346 ","  1,363 ","  1,374 ","  1,377 "
Val Sales ('000),OVERALL CATEGORY WESTERN SALTY,"  908,529 ","  1,021,641 ","  1,223,308 ","  1,283,666 ","  1,368,914 ","  1,461,041 ","  1,484,651 ","  1,527,762 ","  1,553,976 ","  1,554,701 ","  1,653,314 ","  1,592,796 ","  1,458,852 ","  1,495,435 ","  1,544,913 ","  1,591,606 ","  1,617,361 ","  1,692,460 ","  1,746,812 ","  1,822,933 ","  1,846,053 ","  1,713,307 ","  1,893,383 ","  1,855,131 ","  1,948,064 ","  1,839,948 ","  1,844,318 ","  1,919,428 ","  1,925,770 ","  2,087,141 ","  2,075,175 ","  2,106,730 ","  2,065,473 ","  2,000,808 ","  2,158,088 ","  2,169,675 "
Val Sales ('000),HALDIRAM,"  85,864 ","  92,088 ","  114,681 ","  115,425 ","  122,547 ","  140,133 ","  138,888 ","  131,145 ","  126,149 ","  128,914 ","  136,181 ","  134,330 ","  114,966 ","  132,447 ","  140,988 ","  149,456 ","  150,650 ","  159,699 ","  167,067 ","  178,629 ","  177,361 ","  164,450 ","  178,802 ","  166,415 ","  171,227 ","  160,703 ","  160,916 ","  167,691 ","  166,318 ","  187,766 ","  192,540 ","  194,788 ","  183,536 ","  187,962 ","  206,780 ","  207,151 "
Val Sales ('000),I T C,"  204,143 ","  218,778 ","  250,393 ","  252,072 ","  268,433 ","  280,596 ","  297,248 ","  308,437 ","  325,955 ","  327,268 ","  337,578 ","  326,210 ","  308,839 ","  298,782 ","  298,717 ","  291,019 ","  306,863 ","  328,062 ","  325,499 ","  333,965 ","  343,555 ","  322,315 ","  359,276 ","  361,628 ","  396,903 ","  357,477 ","  357,782 ","  371,064 ","  375,057 ","  402,979 ","  399,143 ","  416,272 ","  404,666 ","  384,792 ","  408,712 ","  409,903 "
Val Sales ('000),BALAJI WAFERS P L,"  87,195 ","  120,298 ","  156,892 ","  188,536 ","  189,465 ","  207,013 ","  218,403 ","  240,212 ","  246,588 ","  240,227 ","  248,354 ","  226,829 ","  187,552 ","  209,566 ","  216,936 ","  231,291 ","  240,678 ","  251,392 ","  259,685 ","  258,718 ","  264,726 ","  237,710 ","  274,179 ","  277,515 ","  285,562 ","  273,515 ","  273,952 ","  301,807 ","  293,472 ","  325,476 ","  306,426 ","  317,420 ","  316,366 ","  308,657 ","  330,634 ","  335,989 "
Val Sales ('000),PARLE PRODS,"  19,822 ","  22,707 ","  29,891 ","  28,535 ","  34,520 ","  35,196 ","  36,051 ","  35,370 ","  34,045 ","  35,318 ","  36,161 ","  35,762 ","  30,657 ","  34,042 ","  35,242 ","  32,513 ","  29,890 ","  32,167 ","  34,005 ","  32,589 ","  32,586 ","  30,132 ","  32,982 ","  33,938 ","  33,821 ","  30,511 ","  30,228 ","  32,797 ","  31,426 ","  32,215 ","  34,243 ","  34,164 ","  33,217 ","  29,378 ","  29,019 ","  27,406 "
Val Sales ('000),PRATAAP SNACKS PVT LTD,"  107,612 ","  102,159 ","  117,780 ","  115,138 ","  131,477 ","  138,445 ","  131,378 ","  136,326 ","  140,808 ","  144,637 ","  157,053 ","  155,208 ","  141,693 ","  139,731 ","  144,877 ","  150,119 ","  161,275 ","  169,854 ","  179,365 ","  198,685 ","  194,453 ","  180,788 ","  201,227 ","  193,419 ","  201,123 ","  188,396 ","  188,551 ","  194,164 ","  201,122 ","  212,302 ","  215,631 ","  214,124 ","  210,324 ","  199,650 ","  212,064 ","  206,880 "
Val Sales ('000),PANJWANI FOOD PRODUCTS,"  9,006 ","  10,749 ","  11,502 ","  10,646 ","  12,187 ","  13,491 ","  12,948 ","  13,166 ","  14,409 ","  15,014 ","  15,943 ","  15,279 ","  14,184 ","  14,580 ","  14,670 ","  14,012 ","  15,976 ","  16,943 ","  15,669 ","  15,599 ","  15,073 ","  13,401 ","  15,266 ","  15,229 ","  16,555 ","  15,150 ","  14,115 ","  13,288 ","  14,371 ","  13,895 ","  14,995 ","  14,577 ","  17,815 ","  18,739 ","  19,562 ","  21,315 "
Val Sales ('000),D F M FOODS,"  40,956 ","  47,098 ","  54,023 ","  51,802 ","  52,348 ","  58,217 ","  58,038 ","  59,214 ","  61,113 ","  63,231 ","  67,600 ","  63,976 ","  62,701 ","  59,048 ","  63,783 ","  68,236 ","  67,639 ","  72,108 ","  78,081 ","  78,343 ","  81,262 ","  73,921 ","  81,954 ","  82,430 ","  87,812 ","  84,498 ","  88,695 ","  94,784 ","  91,618 ","  92,207 ","  94,321 ","  89,562 ","  87,384 ","  81,549 ","  85,161 ","  88,749 "
Val Sales ('000),GOPAL SNACKS PVT LTD,"  21,878 ","  27,018 ","  40,173 ","  57,171 ","  61,468 ","  68,119 ","  67,321 ","  70,761 ","  68,214 ","  66,208 ","  70,539 ","  65,292 ","  55,592 ","  58,962 ","  63,596 ","  64,582 ","  67,487 ","  67,296 ","  70,601 ","  74,508 ","  70,991 ","  66,419 ","  71,932 ","  66,060 ","  66,976 ","  69,648 ","  70,317 ","  72,529 ","  73,959 ","  83,994 ","  78,465 ","  76,454 ","  76,525 ","  76,860 ","  81,879 ","  79,323 "
Val Sales ('000),BIKAJI FOODS INTERNATIONAL,"  16,529 ","  22,075 ","  28,527 ","  24,195 ","  28,062 ","  27,801 ","  28,786 ","  27,696 ","  29,203 ","  27,454 ","  28,267 ","  27,213 ","  22,665 ","  25,342 ","  25,169 ","  24,294 ","  22,957 ","  25,113 ","  26,617 ","  26,411 ","  28,754 ","  29,382 ","  32,576 ","  31,127 ","  34,923 ","  34,873 ","  35,113 ","  38,095 ","  36,977 ","  41,661 ","  41,278 ","  42,660 ","  44,360 ","  43,679 ","  50,367 ","  46,277 "
Val Sales ('000),PEPSICO INDIA,"  263,239 ","  305,493 ","  356,571 ","  376,648 ","  395,384 ","  412,400 ","  415,891 ","  424,105 ","  425,378 ","  424,052 ","  462,965 ","  454,637 ","  439,099 ","  437,669 ","  458,294 ","  476,496 ","  467,194 ","  474,968 ","  496,275 ","  526,977 ","  536,083 ","  498,910 ","  539,391 ","  521,021 ","  539,508 ","  523,863 ","  524,142 ","  529,063 ","  544,224 ","  590,860 ","  598,457 ","  605,851 ","  592,927 ","  573,993 ","  630,323 ","  643,225 "
Dealers ('000) Avg,OVERALL CATEGORY WESTERN SALTY,"  1,293 ","  1,309 ","  1,349 ","  1,379 ","  1,422 ","  1,433 ","  1,447 ","  1,458 ","  1,480 ","  1,488 ","  1,495 ","  1,502 ","  1,483 ","  1,527 ","  1,537 ","  1,535 ","  1,551 ","  1,569 ","  1,561 ","  1,570 ","  1,582 ","  1,578 ","  1,599 ","  1,575 ","  1,581 ","  1,574 ","  1,563 ","  1,562 ","  1,574 ","  1,589 ","  1,600 ","  1,587 ","  1,598 ","  1,615 ","  1,627 ","  1,626 "
Dealers ('000) Avg,HALDIRAM,  307 ,  310 ,  324 ,  339 ,  359 ,  371 ,  383 ,  384 ,  379 ,  394 ,  391 ,  390 ,  378 ,  408 ,  419 ,  421 ,  427 ,  420 ,  424 ,  422 ,  422 ,  430 ,  439 ,  421 ,  413 ,  393 ,  401 ,  401 ,  416 ,  423 ,  432 ,  434 ,  436 ,  444 ,  447 ,  452 
Dealers ('000) Avg,I T C,  619 ,  634 ,  649 ,  671 ,  697 ,  706 ,  727 ,  743 ,  771 ,  780 ,  772 ,  767 ,  749 ,  773 ,  760 ,  754 ,  772 ,  778 ,  768 ,  772 ,  788 ,  792 ,  808 ,  820 ,  829 ,  812 ,  807 ,  818 ,  810 ,  812 ,  828 ,  834 ,  830 ,  841 ,  844 ,  836 
Dealers ('000) Avg,BALAJI WAFERS P L,  124 ,  125 ,  133 ,  145 ,  151 ,  158 ,  166 ,  167 ,  181 ,  181 ,  186 ,  184 ,  174 ,  191 ,  189 ,  194 ,  196 ,  203 ,  204 ,  214 ,  210 ,  212 ,  216 ,  207 ,  201 ,  205 ,  209 ,  217 ,  220 ,  219 ,  225 ,  228 ,  233 ,  240 ,  243 ,  247 
Dealers ('000) Avg,PARLE PRODS,  95 ,  94 ,  105 ,  116 ,  135 ,  134 ,  138 ,  137 ,  134 ,  128 ,  116 ,  121 ,  107 ,  122 ,  122 ,  119 ,  117 ,  117 ,  120 ,  115 ,  110 ,  124 ,  118 ,  110 ,  101 ,  98 ,  94 ,  100 ,  102 ,  97 ,  100 ,  104 ,  108 ,  109 ,  92 ,  88 
Dealers ('000) Avg,PRATAAP SNACKS PVT LTD,  379 ,  368 ,  364 ,  365 ,  397 ,  411 ,  417 ,  420 ,  434 ,  443 ,  442 ,  427 ,  394 ,  403 ,  411 ,  419 ,  428 ,  443 ,  454 ,  460 ,  459 ,  468 ,  477 ,  462 ,  462 ,  459 ,  462 ,  459 ,  467 ,  469 ,  481 ,  485 ,  482 ,  481 ,  489 ,  477 
Dealers ('000) Avg,PANJWANI FOOD PRODUCTS,  41 ,  41 ,  39 ,  38 ,  41 ,  42 ,  39 ,  39 ,  44 ,  45 ,  46 ,  45 ,  43 ,  44 ,  45 ,  43 ,  44 ,  42 ,  44 ,  43 ,  44 ,  42 ,  40 ,  40 ,  39 ,  38 ,  37 ,  38 ,  38 ,  38 ,  38 ,  39 ,  38 ,  44 ,  48 ,  48 
Dealers ('000) Avg,D F M FOODS,  203 ,  215 ,  214 ,  219 ,  231 ,  239 ,  243 ,  243 ,  234 ,  245 ,  245 ,  245 ,  244 ,  237 ,  250 ,  253 ,  248 ,  255 ,  262 ,  261 ,  262 ,  262 ,  262 ,  257 ,  267 ,  270 ,  266 ,  274 ,  274 ,  272 ,  272 ,  274 ,  267 ,  271 ,  271 ,  270 
Dealers ('000) Avg,GOPAL SNACKS PVT LTD,  68 ,  59 ,  65 ,  70 ,  71 ,  74 ,  83 ,  86 ,  86 ,  90 ,  90 ,  83 ,  81 ,  87 ,  86 ,  85 ,  85 ,  86 ,  87 ,  90 ,  88 ,  86 ,  85 ,  85 ,  84 ,  81 ,  83 ,  83 ,  85 ,  88 ,  87 ,  90 ,  94 ,  93 ,  89 ,  91 
Dealers ('000) Avg,BIKAJI FOODS INTERNATIONAL,  51 ,  56 ,  62 ,  64 ,  70 ,  73 ,  70 ,  73 ,  76 ,  75 ,  72 ,  74 ,  66 ,  71 ,  66 ,  63 ,  62 ,  64 ,  63 ,  68 ,  70 ,  71 ,  72 ,  74 ,  74 ,  77 ,  80 ,  81 ,  84 ,  86 ,  92 ,  89 ,  93 ,  92 ,  89 ,  89 
Dealers ('000) Avg,PEPSICO INDIA,  579 ,  598 ,  616 ,  628 ,  656 ,  655 ,  663 ,  678 ,  677 ,  674 ,  686 ,  695 ,  689 ,  705 ,  703 ,  698 ,  704 ,  711 ,  717 ,  729 ,  728 ,  724 ,  717 ,  718 ,  712 ,  701 ,  697 ,  695 ,  702 ,  716 ,  722 ,  719 ,  717 ,  728 ,  732 ,  731 
Val Sales ('000),OVERALL CATEGORY WESTERN SALTY,"  1,394,966 ","  1,652,655 ","  2,018,563 ","  2,101,715 ","  2,267,029 ","  2,527,372 ","  2,638,484 ","  2,648,446 ","  2,746,871 ","  2,771,749 ","  2,931,316 ","  2,819,702 ","  2,387,170 ","  2,384,642 ","  2,574,267 ","  2,729,211 ","  2,770,623 ","  2,996,163 ","  3,083,574 ","  3,129,868 ","  3,185,477 ","  2,964,776 ","  3,238,969 ","  3,105,085 ","  3,254,645 ","  3,114,465 ","  3,253,008 ","  3,357,854 ","  3,371,030 ","  3,763,998 ","  3,521,037 ","  3,662,226 ","  3,652,750 ","  3,539,134 ","  3,786,958 ","  3,753,167 "
Val Sales ('000),HALDIRAM,"  129,020 ","  148,994 ","  183,764 ","  193,204 ","  213,479 ","  240,659 ","  264,514 ","  225,197 ","  239,460 ","  259,521 ","  279,749 ","  271,149 ","  222,195 ","  224,484 ","  230,467 ","  243,113 ","  255,437 ","  267,287 ","  312,905 ","  284,002 ","  291,256 ","  268,383 ","  291,940 ","  277,934 ","  273,415 ","  267,404 ","  285,647 ","  294,358 ","  301,824 ","  405,121 ","  336,984 ","  370,961 ","  326,805 ","  332,290 ","  360,934 ","  362,457 "
Val Sales ('000),I T C,"  253,287 ","  277,654 ","  336,300 ","  347,770 ","  364,319 ","  410,733 ","  432,484 ","  458,173 ","  471,058 ","  469,755 ","  488,903 ","  460,693 ","  397,583 ","  359,174 ","  385,182 ","  406,493 ","  404,022 ","  432,406 ","  426,205 ","  448,125 ","  467,263 ","  430,556 ","  468,968 ","  460,144 ","  492,246 ","  475,795 ","  504,213 ","  511,360 ","  499,062 ","  535,775 ","  527,759 ","  555,538 ","  553,881 ","  523,875 ","  554,337 ","  553,655 "
Val Sales ('000),BALAJI WAFERS P L,"  121,746 ","  190,133 ","  245,794 ","  263,124 ","  279,507 ","  314,628 ","  334,217 ","  360,613 ","  371,561 ","  358,981 ","  381,819 ","  356,668 ","  291,289 ","  322,484 ","  360,650 ","  390,588 ","  404,399 ","  449,109 ","  452,003 ","  472,162 ","  476,505 ","  453,969 ","  485,119 ","  466,960 ","  495,715 ","  465,853 ","  483,288 ","  524,803 ","  511,756 ","  537,069 ","  496,801 ","  524,733 ","  526,997 ","  509,641 ","  533,713 ","  526,323 "
Val Sales ('000),PARLE PRODS,"  38,612 ","  46,040 ","  53,639 ","  53,485 ","  54,870 ","  61,334 ","  60,139 ","  60,267 ","  64,164 ","  63,313 ","  62,925 ","  58,863 ","  48,908 ","  47,790 ","  49,668 ","  50,395 ","  45,306 ","  52,190 ","  47,913 ","  52,157 ","  56,193 ","  49,826 ","  50,837 ","  49,485 ","  56,638 ","  49,239 ","  43,664 ","  41,909 ","  45,799 ","  47,949 ","  52,437 ","  52,485 ","  49,881 ","  50,333 ","  55,000 ","  51,814 "
Val Sales ('000),PRATAAP SNACKS PVT LTD,"  82,836 ","  96,837 ","  112,269 ","  111,058 ","  131,166 ","  150,354 ","  154,008 ","  147,555 ","  163,941 ","  175,337 ","  187,428 ","  178,513 ","  130,019 ","  148,162 ","  160,194 ","  158,663 ","  168,517 ","  184,565 ","  188,026 ","  198,550 ","  202,969 ","  187,739 ","  204,668 ","  201,008 ","  205,415 ","  193,158 ","  203,100 ","  204,775 ","  209,816 ","  213,006 ","  215,687 ","  218,597 ","  216,487 ","  210,239 ","  226,062 ","  232,018 "
Val Sales ('000),PANJWANI FOOD PRODUCTS,"  8,080 ","  10,439 ","  10,220 ","  9,680 ","  10,780 ","  11,608 ","  11,972 ","  12,310 ","  12,640 ","  12,247 ","  13,230 ","  12,167 ","  10,490 ","  10,528 ","  11,130 ","  11,948 ","  11,191 ","  11,527 ","  11,746 ","  11,848 ","  11,610 ","  11,418 ","  12,969 ","  13,185 ","  12,401 ","  10,800 ","  12,159 ","  12,447 ","  11,962 ","  12,468 ","  12,900 ","  13,659 ","  14,439 ","  13,553 ","  15,370 ","  16,100 "
Val Sales ('000),D F M FOODS,"  71,438 ","  77,521 ","  95,613 ","  104,885 ","  111,897 ","  122,208 ","  123,858 ","  124,834 ","  132,231 ","  132,091 ","  136,947 ","  138,425 ","  123,903 ","  119,118 ","  123,328 ","  130,223 ","  138,194 ","  147,770 ","  156,097 ","  154,351 ","  161,970 ","  152,259 ","  164,383 ","  163,935 ","  172,207 ","  160,944 ","  168,351 ","  170,034 ","  172,133 ","  175,574 ","  178,826 ","  180,176 ","  181,832 ","  178,565 ","  188,551 ","  185,142 "
Val Sales ('000),GOPAL SNACKS PVT LTD,"  15,434 ","  16,545 ","  31,288 ","  35,623 ","  43,234 ","  46,919 ","  46,465 ","  51,407 ","  52,706 ","  52,411 ","  54,079 ","  48,014 ","  41,724 ","  45,602 ","  48,424 ","  52,017 ","  52,839 ","  56,640 ","  57,203 ","  63,763 ","  63,192 ","  57,791 ","  58,738 ","  51,111 ","  55,625 ","  54,563 ","  58,665 ","  58,597 ","  59,091 ","  65,573 ","  58,744 ","  65,865 ","  70,595 ","  63,570 ","  66,620 ","  67,557 "
Val Sales ('000),BIKAJI FOODS INTERNATIONAL,"  10,258 ","  18,415 ","  22,465 ","  19,076 ","  22,473 ","  24,447 ","  23,979 ","  23,649 ","  22,054 ","  19,738 ","  21,442 ","  22,445 ","  14,732 ","  16,280 ","  18,700 ","  19,889 ","  20,039 ","  21,615 ","  22,392 ","  20,902 ","  23,209 ","  21,543 ","  24,462 ","  24,712 ","  29,852 ","  28,923 ","  30,217 ","  30,921 ","  30,858 ","  38,276 ","  36,522 ","  35,168 ","  37,056 ","  33,669 ","  38,425 ","  36,320 "
Val Sales ('000),PEPSICO INDIA,"  581,871 ","  678,218 ","  825,112 ","  868,708 ","  923,289 ","  1,017,875 ","  1,021,495 ","  1,044,546 ","  1,070,404 ","  1,081,342 ","  1,152,656 ","  1,123,989 ","  981,908 ","  959,228 ","  1,063,842 ","  1,125,964 ","  1,117,981 ","  1,208,031 ","  1,208,447 ","  1,262,004 ","  1,264,081 ","  1,176,269 ","  1,309,803 ","  1,237,273 ","  1,304,982 ","  1,265,059 ","  1,313,767 ","  1,346,452 ","  1,366,364 ","  1,483,168 ","  1,430,227 ","  1,469,280 ","  1,481,357 ","  1,440,467 ","  1,550,518 ","  1,527,150 "
Dealers ('000) Avg,OVERALL CATEGORY WESTERN SALTY,  856 ,  875 ,  886 ,  899 ,  919 ,  938 ,  951 ,  956 ,  964 ,  974 ,  981 ,  983 ,  970 ,  978 ,  986 ,  986 ,  993 ,"  1,000 ","  1,009 ","  1,012 ","  1,015 ","  1,015 ","  1,017 ","  1,016 ","  1,016 ","  1,009 ","  1,008 ","  1,013 ","  1,013 ","  1,013 ","  1,018 ","  1,019 ","  1,026 ","  1,030 ","  1,037 ","  1,046 "
Dealers ('000) Avg,HALDIRAM,  277 ,  276 ,  283 ,  294 ,  310 ,  321 ,  331 ,  330 ,  332 ,  343 ,  348 ,  346 ,  327 ,  342 ,  343 ,  338 ,  339 ,  335 ,  334 ,  334 ,  336 ,  341 ,  340 ,  336 ,  327 ,  320 ,  330 ,  331 ,  331 ,  333 ,  336 ,  338 ,  342 ,  351 ,  353 ,  360 
Dealers ('000) Avg,I T C,  459 ,  461 ,  468 ,  482 ,  504 ,  524 ,  539 ,  545 ,  559 ,  566 ,  569 ,  561 ,  543 ,  549 ,  556 ,  548 ,  551 ,  557 ,  559 ,  568 ,  577 ,  579 ,  582 ,  578 ,  575 ,  575 ,  579 ,  585 ,  589 ,  585 ,  592 ,  592 ,  594 ,  601 ,  603 ,  605 
Dealers ('000) Avg,BALAJI WAFERS P L,  120 ,  127 ,  134 ,  139 ,  147 ,  154 ,  157 ,  163 ,  169 ,  169 ,  172 ,  170 ,  162 ,  168 ,  168 ,  174 ,  178 ,  181 ,  185 ,  187 ,  189 ,  190 ,  190 ,  186 ,  183 ,  184 ,  186 ,  188 ,  186 ,  185 ,  189 ,  192 ,  196 ,  199 ,  200 ,  201 
Dealers ('000) Avg,PARLE PRODS,  95 ,  97 ,  97 ,  99 ,  107 ,  111 ,  111 ,  109 ,  105 ,  106 ,  105 ,  102 ,  94 ,  97 ,  96 ,  95 ,  94 ,  94 ,  98 ,  94 ,  97 ,  98 ,  91 ,  87 ,  88 ,  86 ,  83 ,  84 ,  90 ,  90 ,  92 ,  92 ,  91 ,  90 ,  89 ,  90 
Dealers ('000) Avg,PRATAAP SNACKS PVT LTD,  232 ,  227 ,  222 ,  226 ,  243 ,  258 ,  260 ,  258 ,  267 ,  272 ,  275 ,  268 ,  247 ,  253 ,  250 ,  249 ,  261 ,  265 ,  274 ,  282 ,  286 ,  289 ,  294 ,  291 ,  288 ,  286 ,  288 ,  295 ,  294 ,  293 ,  292 ,  296 ,  303 ,  300 ,  298 ,  295 
Dealers ('000) Avg,PANJWANI FOOD PRODUCTS,  27 ,  28 ,  28 ,  27 ,  29 ,  30 ,  31 ,  31 ,  32 ,  33 ,  32 ,  32 ,  29 ,  29 ,  32 ,  33 ,  33 ,  33 ,  33 ,  33 ,  32 ,  32 ,  31 ,  32 ,  30 ,  30 ,  30 ,  32 ,  31 ,  32 ,  32 ,  33 ,  34 ,  35 ,  36 ,  38 
Dealers ('000) Avg,D F M FOODS,  201 ,  208 ,  220 ,  224 ,  234 ,  239 ,  238 ,  242 ,  248 ,  257 ,  259 ,  258 ,  247 ,  250 ,  247 ,  249 ,  248 ,  257 ,  266 ,  271 ,  272 ,  276 ,  275 ,  272 ,  273 ,  271 ,  274 ,  274 ,  276 ,  273 ,  275 ,  274 ,  277 ,  277 ,  277 ,  276 
Dealers ('000) Avg,GOPAL SNACKS PVT LTD,  41 ,  39 ,  41 ,  44 ,  47 ,  51 ,  54 ,  55 ,  56 ,  58 ,  60 ,  60 ,  61 ,  63 ,  62 ,  61 ,  63 ,  64 ,  63 ,  62 ,  61 ,  60 ,  59 ,  57 ,  59 ,  57 ,  57 ,  58 ,  57 ,  57 ,  58 ,  58 ,  61 ,  61 ,  61 ,  61 
Dealers ('000) Avg,BIKAJI FOODS INTERNATIONAL,  41 ,  44 ,  43 ,  42 ,  48 ,  50 ,  50 ,  48 ,  47 ,  45 ,  44 ,  43 ,  39 ,  42 ,  42 ,  42 ,  43 ,  45 ,  47 ,  47 ,  48 ,  47 ,  47 ,  49 ,  52 ,  53 ,  53 ,  54 ,  54 ,  56 ,  57 ,  57 ,  57 ,  58 ,  58 ,  58 
Dealers ('000) Avg,PEPSICO INDIA,  501 ,  520 ,  533 ,  545 ,  563 ,  577 ,  589 ,  599 ,  603 ,  608 ,  608 ,  610 ,  599 ,  612 ,  618 ,  621 ,  621 ,  622 ,  629 ,  637 ,  641 ,  643 ,  637 ,  632 ,  632 ,  625 ,  626 ,  623 ,  623 ,  623 ,  621 ,  618 ,  629 ,  635 ,  643 ,  646 